Date,DateKey,Year,Month,MonthName,Quarter
2023-01-05,20230105,2023,1,January,1
2023-01-11,20230111,2023,1,January,1
2023-01-12,20230112,2023,1,January,1
2023-01-13,20230113,2023,1,January,1
2023-01-17,20230117,2023,1,January,1
2023-01-20,20230120,2023,1,January,1
2023-01-23,20230123,2023,1,January,1
2023-01-24,20230124,2023,1,January,1
2023-01-25,20230125,2023,1,January,1
2023-01-31,20230131,2023,1,January,1
2023-02-02,20230202,2023,2,February,1
2023-02-03,20230203,2023,2,February,1
2023-02-06,20230206,2023,2,February,1
2023-02-07,20230207,2023,2,February,1
2023-02-13,20230213,2023,2,February,1
2023-02-14,20230214,2023,2,February,1
2023-02-22,20230222,2023,2,February,1
2023-02-24,20230224,2023,2,February,1
2023-02-27,20230227,2023,2,February,1
2023-02-28,20230228,2023,2,February,1
2023-03-01,20230301,2023,3,March,1
2023-03-03,20230303,2023,3,March,1
2023-03-07,20230307,2023,3,March,1
2023-03-08,20230308,2023,3,March,1
2023-03-10,20230310,2023,3,March,1
2023-03-22,20230322,2023,3,March,1
2023-03-23,20230323,2023,3,March,1
2023-03-24,20230324,2023,3,March,1
2023-03-27,20230327,2023,3,March,1
2023-03-30,20230330,2023,3,March,1
2023-03-31,20230331,2023,3,March,1
2023-04-03,20230403,2023,4,April,2
2023-04-04,20230404,2023,4,April,2
2023-04-06,20230406,2023,4,April,2
2023-04-10,20230410,2023,4,April,2
2023-04-18,20230418,2023,4,April,2
2023-04-19,20230419,2023,4,April,2
2023-04-20,20230420,2023,4,April,2
2023-04-21,20230421,2023,4,April,2
2023-04-24,20230424,2023,4,April,2
2023-04-25,20230425,2023,4,April,2
2023-04-26,20230426,2023,4,April,2
2023-05-03,20230503,2023,5,May,2
2023-05-04,20230504,2023,5,May,2
2023-05-08,20230508,2023,5,May,2
2023-05-09,20230509,2023,5,May,2
2023-05-15,20230515,2023,5,May,2
2023-05-16,20230516,2023,5,May,2
2023-05-18,20230518,2023,5,May,2
2023-05-23,20230523,2023,5,May,2
2023-05-24,20230524,2023,5,May,2
2023-05-30,20230530,2023,5,May,2
2023-05-31,20230531,2023,5,May,2
2023-06-01,20230601,2023,6,June,2
2023-06-02,20230602,2023,6,June,2
2023-06-05,20230605,2023,6,June,2
2023-06-12,20230612,2023,6,June,2
2023-06-13,20230613,2023,6,June,2
2023-06-14,20230614,2023,6,June,2
2023-06-15,20230615,2023,6,June,2
2023-06-16,20230616,2023,6,June,2
2023-06-19,20230619,2023,6,June,2
2023-06-20,20230620,2023,6,June,2
2023-06-21,20230621,2023,6,June,2
2023-06-27,20230627,2023,6,June,2
2023-06-28,20230628,2023,6,June,2
2023-07-05,20230705,2023,7,July,3
2023-07-06,20230706,2023,7,July,3
2023-07-07,20230707,2023,7,July,3
2023-07-11,20230711,2023,7,July,3
2023-07-12,20230712,2023,7,July,3
2023-07-13,20230713,2023,7,July,3
2023-07-14,20230714,2023,7,July,3
2023-07-17,20230717,2023,7,July,3
2023-07-18,20230718,2023,7,July,3
2023-07-19,20230719,2023,7,July,3
2023-07-21,20230721,2023,7,July,3
2023-07-24,20230724,2023,7,July,3
2023-07-26,20230726,2023,7,July,3
2023-07-27,20230727,2023,7,July,3
2023-08-02,20230802,2023,8,August,3
2023-08-03,20230803,2023,8,August,3
2023-08-07,20230807,2023,8,August,3
2023-08-14,20230814,2023,8,August,3
2023-08-15,20230815,2023,8,August,3
2023-08-17,20230817,2023,8,August,3
2023-08-18,20230818,2023,8,August,3
2023-08-22,20230822,2023,8,August,3
2023-08-23,20230823,2023,8,August,3
2023-08-25,20230825,2023,8,August,3
2023-08-29,20230829,2023,8,August,3
2023-08-31,20230831,2023,8,August,3
2023-09-01,20230901,2023,9,September,3
2023-09-04,20230904,2023,9,September,3
2023-09-05,20230905,2023,9,September,3
2023-09-06,20230906,2023,9,September,3
2023-09-11,20230911,2023,9,September,3
2023-09-12,20230912,2023,9,September,3
2023-09-13,20230913,2023,9,September,3
2023-09-14,20230914,2023,9,September,3
2023-09-15,20230915,2023,9,September,3
2023-09-22,20230922,2023,9,September,3
2023-09-25,20230925,2023,9,September,3
2023-09-27,20230927,2023,9,September,3
2023-10-04,20231004,2023,10,October,4
2023-10-06,20231006,2023,10,October,4
2023-10-09,20231009,2023,10,October,4
2023-10-10,20231010,2023,10,October,4
2023-10-11,20231011,2023,10,October,4
2023-10-16,20231016,2023,10,October,4
2023-10-19,20231019,2023,10,October,4
2023-10-20,20231020,2023,10,October,4
2023-10-24,20231024,2023,10,October,4
2023-10-26,20231026,2023,10,October,4
2023-10-27,20231027,2023,10,October,4
2023-11-01,20231101,2023,11,November,4
2023-11-02,20231102,2023,11,November,4
2023-11-03,20231103,2023,11,November,4
2023-11-06,20231106,2023,11,November,4
2023-11-07,20231107,2023,11,November,4
2023-11-08,20231108,2023,11,November,4
2023-11-09,20231109,2023,11,November,4
2023-11-10,20231110,2023,11,November,4
2023-11-16,20231116,2023,11,November,4
2023-11-17,20231117,2023,11,November,4
2023-11-23,20231123,2023,11,November,4
2023-11-24,20231124,2023,11,November,4
2023-11-27,20231127,2023,11,November,4
2023-11-28,20231128,2023,11,November,4
2023-11-29,20231129,2023,11,November,4
2023-12-01,20231201,2023,12,December,4
2023-12-04,20231204,2023,12,December,4
2023-12-06,20231206,2023,12,December,4
2023-12-07,20231207,2023,12,December,4
2023-12-11,20231211,2023,12,December,4
2023-12-12,20231212,2023,12,December,4
2023-12-13,20231213,2023,12,December,4
2023-12-14,20231214,2023,12,December,4
2023-12-15,20231215,2023,12,December,4
2023-12-18,20231218,2023,12,December,4
2023-12-19,20231219,2023,12,December,4
2023-12-20,20231220,2023,12,December,4
2023-12-22,20231222,2023,12,December,4
2023-12-27,20231227,2023,12,December,4
2023-12-28,20231228,2023,12,December,4
2023-12-29,20231229,2023,12,December,4
2024-01-02,20240102,2024,1,January,1
2024-01-03,20240103,2024,1,January,1
2024-01-04,20240104,2024,1,January,1
2024-01-05,20240105,2024,1,January,1
2024-01-08,20240108,2024,1,January,1
2024-01-10,20240110,2024,1,January,1
2024-01-11,20240111,2024,1,January,1
2024-01-12,20240112,2024,1,January,1
2024-01-16,20240116,2024,1,January,1
2024-01-17,20240117,2024,1,January,1
2024-01-19,20240119,2024,1,January,1
2024-01-22,20240122,2024,1,January,1
2024-01-23,20240123,2024,1,January,1
2024-01-24,20240124,2024,1,January,1
2024-01-29,20240129,2024,1,January,1
2024-02-01,20240201,2024,2,February,1
2024-02-02,20240202,2024,2,February,1
2024-02-05,20240205,2024,2,February,1
2024-02-09,20240209,2024,2,February,1
2024-02-12,20240212,2024,2,February,1
2024-02-13,20240213,2024,2,February,1
2024-02-14,20240214,2024,2,February,1
2024-02-15,20240215,2024,2,February,1
2024-02-19,20240219,2024,2,February,1
2024-02-20,20240220,2024,2,February,1
2024-02-22,20240222,2024,2,February,1
2024-02-26,20240226,2024,2,February,1
2024-02-27,20240227,2024,2,February,1
2024-02-28,20240228,2024,2,February,1
2024-02-29,20240229,2024,2,February,1
2024-03-01,20240301,2024,3,March,1
2024-03-04,20240304,2024,3,March,1
2024-03-06,20240306,2024,3,March,1
2024-03-07,20240307,2024,3,March,1
2024-03-11,20240311,2024,3,March,1
2024-03-12,20240312,2024,3,March,1
2024-03-14,20240314,2024,3,March,1
2024-03-15,20240315,2024,3,March,1
2024-03-19,20240319,2024,3,March,1
2024-03-20,20240320,2024,3,March,1
2024-03-21,20240321,2024,3,March,1
2024-03-22,20240322,2024,3,March,1
2024-03-26,20240326,2024,3,March,1
2024-03-28,20240328,2024,3,March,1
2024-04-02,20240402,2024,4,April,2
2024-04-03,20240403,2024,4,April,2
2024-04-08,20240408,2024,4,April,2
2024-04-09,20240409,2024,4,April,2
2024-04-17,20240417,2024,4,April,2
2024-04-18,20240418,2024,4,April,2
2024-04-19,20240419,2024,4,April,2
2024-04-22,20240422,2024,4,April,2
2024-04-24,20240424,2024,4,April,2
2024-04-25,20240425,2024,4,April,2
2024-04-29,20240429,2024,4,April,2
2024-04-30,20240430,2024,4,April,2
2024-05-02,20240502,2024,5,May,2
2024-05-03,20240503,2024,5,May,2
2024-05-06,20240506,2024,5,May,2
2024-05-07,20240507,2024,5,May,2
2024-05-08,20240508,2024,5,May,2
2024-05-09,20240509,2024,5,May,2
2024-05-10,20240510,2024,5,May,2
2024-05-14,20240514,2024,5,May,2
2024-05-17,20240517,2024,5,May,2
2024-05-20,20240520,2024,5,May,2
2024-05-22,20240522,2024,5,May,2
2024-05-27,20240527,2024,5,May,2
2024-05-28,20240528,2024,5,May,2
2024-05-29,20240529,2024,5,May,2
2024-05-31,20240531,2024,5,May,2
2024-06-04,20240604,2024,6,June,2
2024-06-05,20240605,2024,6,June,2
2024-06-06,20240606,2024,6,June,2
2024-06-07,20240607,2024,6,June,2
2024-06-11,20240611,2024,6,June,2
2024-06-12,20240612,2024,6,June,2
2024-06-13,20240613,2024,6,June,2
2024-06-14,20240614,2024,6,June,2
2024-06-18,20240618,2024,6,June,2
2024-06-19,20240619,2024,6,June,2
2024-06-20,20240620,2024,6,June,2
2024-06-24,20240624,2024,6,June,2
2024-06-25,20240625,2024,6,June,2
2024-06-27,20240627,2024,6,June,2
2024-06-28,20240628,2024,6,June,2
2024-07-01,20240701,2024,7,July,3
2024-07-02,20240702,2024,7,July,3
2024-07-03,20240703,2024,7,July,3
2024-07-04,20240704,2024,7,July,3
2024-07-05,20240705,2024,7,July,3
2024-07-08,20240708,2024,7,July,3
2024-07-09,20240709,2024,7,July,3
2024-07-10,20240710,2024,7,July,3
2024-07-11,20240711,2024,7,July,3
2024-07-12,20240712,2024,7,July,3
2024-07-15,20240715,2024,7,July,3
2024-07-16,20240716,2024,7,July,3
2024-07-17,20240717,2024,7,July,3
2024-07-18,20240718,2024,7,July,3
2024-07-19,20240719,2024,7,July,3
2024-07-22,20240722,2024,7,July,3
2024-07-24,20240724,2024,7,July,3
2024-07-25,20240725,2024,7,July,3
2024-07-29,20240729,2024,7,July,3
2024-07-30,20240730,2024,7,July,3
2024-07-31,20240731,2024,7,July,3
2024-08-01,20240801,2024,8,August,3
2024-08-02,20240802,2024,8,August,3
2024-08-05,20240805,2024,8,August,3
2024-08-06,20240806,2024,8,August,3
2024-08-08,20240808,2024,8,August,3
2024-08-09,20240809,2024,8,August,3
2024-08-12,20240812,2024,8,August,3
2024-08-13,20240813,2024,8,August,3
2024-08-14,20240814,2024,8,August,3
2024-08-15,20240815,2024,8,August,3
2024-08-16,20240816,2024,8,August,3
2024-08-20,20240820,2024,8,August,3
2024-08-21,20240821,2024,8,August,3
2024-08-22,20240822,2024,8,August,3
2024-08-23,20240823,2024,8,August,3
2024-08-26,20240826,2024,8,August,3
2024-08-29,20240829,2024,8,August,3
2024-08-30,20240830,2024,8,August,3
2024-09-02,20240902,2024,9,September,3
2024-09-03,20240903,2024,9,September,3
2024-09-04,20240904,2024,9,September,3
2024-09-05,20240905,2024,9,September,3
2024-09-06,20240906,2024,9,September,3
2024-09-09,20240909,2024,9,September,3
2024-09-13,20240913,2024,9,September,3
2024-09-18,20240918,2024,9,September,3
2024-09-19,20240919,2024,9,September,3
2024-09-20,20240920,2024,9,September,3
2024-09-23,20240923,2024,9,September,3
2024-09-24,20240924,2024,9,September,3
2024-09-25,20240925,2024,9,September,3
2024-09-26,20240926,2024,9,September,3
2024-09-30,20240930,2024,9,September,3
2024-10-01,20241001,2024,10,October,4
2024-10-02,20241002,2024,10,October,4
2024-10-03,20241003,2024,10,October,4
2024-10-04,20241004,2024,10,October,4
2024-10-07,20241007,2024,10,October,4
2024-10-08,20241008,2024,10,October,4
2024-10-09,20241009,2024,10,October,4
2024-10-10,20241010,2024,10,October,4
2024-10-14,20241014,2024,10,October,4
2024-10-15,20241015,2024,10,October,4
2024-10-16,20241016,2024,10,October,4
2024-10-18,20241018,2024,10,October,4
2024-10-21,20241021,2024,10,October,4
2024-10-22,20241022,2024,10,October,4
2024-10-25,20241025,2024,10,October,4
2024-10-28,20241028,2024,10,October,4
2024-10-29,20241029,2024,10,October,4
2024-10-30,20241030,2024,10,October,4
2024-11-04,20241104,2024,11,November,4
2024-11-05,20241105,2024,11,November,4
2024-11-06,20241106,2024,11,November,4
2024-11-08,20241108,2024,11,November,4
2024-11-11,20241111,2024,11,November,4
2024-11-12,20241112,2024,11,November,4
2024-11-13,20241113,2024,11,November,4
2024-11-19,20241119,2024,11,November,4
2024-11-21,20241121,2024,11,November,4
2024-11-22,20241122,2024,11,November,4
2024-11-25,20241125,2024,11,November,4
2024-11-27,20241127,2024,11,November,4
2024-11-29,20241129,2024,11,November,4
2024-12-03,20241203,2024,12,December,4
2024-12-04,20241204,2024,12,December,4
2024-12-05,20241205,2024,12,December,4
2024-12-06,20241206,2024,12,December,4
2024-12-09,20241209,2024,12,December,4
2024-12-10,20241210,2024,12,December,4
2024-12-11,20241211,2024,12,December,4
2024-12-12,20241212,2024,12,December,4
2024-12-13,20241213,2024,12,December,4
2024-12-16,20241216,2024,12,December,4
2024-12-17,20241217,2024,12,December,4
2024-12-18,20241218,2024,12,December,4
2024-12-19,20241219,2024,12,December,4
2024-12-20,20241220,2024,12,December,4
2024-12-23,20241223,2024,12,December,4
2024-12-24,20241224,2024,12,December,4
2024-12-27,20241227,2024,12,December,4
2024-12-30,20241230,2024,12,December,4
2024-12-31,20241231,2024,12,December,4
2025-01-01,20250101,2025,1,January,1
2025-01-02,20250102,2025,1,January,1
2025-01-03,20250103,2025,1,January,1
2025-01-06,20250106,2025,1,January,1
2025-01-07,20250107,2025,1,January,1
2025-01-08,20250108,2025,1,January,1
2025-01-09,20250109,2025,1,January,1
2025-01-10,20250110,2025,1,January,1
2025-01-15,20250115,2025,1,January,1
2025-01-16,20250116,2025,1,January,1
2025-01-17,20250117,2025,1,January,1
2025-01-20,20250120,2025,1,January,1
2025-01-21,20250121,2025,1,January,1
2025-01-22,20250122,2025,1,January,1
2025-01-23,20250123,2025,1,January,1
2025-01-24,20250124,2025,1,January,1
2025-01-27,20250127,2025,1,January,1
2025-01-28,20250128,2025,1,January,1
2025-01-30,20250130,2025,1,January,1
2025-01-31,20250131,2025,1,January,1
2025-02-03,20250203,2025,2,February,1
2025-02-05,20250205,2025,2,February,1
2025-02-06,20250206,2025,2,February,1
2025-02-07,20250207,2025,2,February,1
2025-02-10,20250210,2025,2,February,1
2025-02-11,20250211,2025,2,February,1
2025-02-13,20250213,2025,2,February,1
2025-02-14,20250214,2025,2,February,1
2025-02-17,20250217,2025,2,February,1
2025-02-18,20250218,2025,2,February,1
2025-02-19,20250219,2025,2,February,1
2025-02-20,20250220,2025,2,February,1
2025-02-21,20250221,2025,2,February,1
2025-02-24,20250224,2025,2,February,1
2025-02-25,20250225,2025,2,February,1
2025-02-27,20250227,2025,2,February,1
2025-02-28,20250228,2025,2,February,1
2025-03-03,20250303,2025,3,March,1
2025-03-04,20250304,2025,3,March,1
2025-03-05,20250305,2025,3,March,1
2025-03-06,20250306,2025,3,March,1
2025-03-07,20250307,2025,3,March,1
2025-03-10,20250310,2025,3,March,1
2025-03-11,20250311,2025,3,March,1
2025-03-12,20250312,2025,3,March,1
2025-03-14,20250314,2025,3,March,1
2025-03-17,20250317,2025,3,March,1
2025-03-18,20250318,2025,3,March,1
2025-03-19,20250319,2025,3,March,1
2025-03-20,20250320,2025,3,March,1
2025-03-21,20250321,2025,3,March,1
2025-03-24,20250324,2025,3,March,1
2025-03-25,20250325,2025,3,March,1
2025-03-26,20250326,2025,3,March,1
2025-03-27,20250327,2025,3,March,1
2025-03-28,20250328,2025,3,March,1
2025-04-01,20250401,2025,4,April,2
2025-04-02,20250402,2025,4,April,2
2025-04-03,20250403,2025,4,April,2
2025-04-04,20250404,2025,4,April,2
2025-04-07,20250407,2025,4,April,2
2025-04-08,20250408,2025,4,April,2
2025-04-09,20250409,2025,4,April,2
2025-04-10,20250410,2025,4,April,2
2025-04-11,20250411,2025,4,April,2
2025-04-16,20250416,2025,4,April,2
2025-04-17,20250417,2025,4,April,2
2025-04-21,20250421,2025,4,April,2
2025-04-22,20250422,2025,4,April,2
2025-04-23,20250423,2025,4,April,2
2025-04-24,20250424,2025,4,April,2
2025-04-25,20250425,2025,4,April,2
2025-04-28,20250428,2025,4,April,2
2025-04-29,20250429,2025,4,April,2
2025-04-30,20250430,2025,4,April,2
2025-05-02,20250502,2025,5,May,2
2025-05-05,20250505,2025,5,May,2
2025-05-06,20250506,2025,5,May,2
2025-05-07,20250507,2025,5,May,2
2025-05-08,20250508,2025,5,May,2
2025-05-09,20250509,2025,5,May,2
2025-05-14,20250514,2025,5,May,2
2025-05-15,20250515,2025,5,May,2
2025-05-16,20250516,2025,5,May,2
2025-05-19,20250519,2025,5,May,2
2025-05-21,20250521,2025,5,May,2
2025-05-22,20250522,2025,5,May,2
2025-05-23,20250523,2025,5,May,2
2025-05-26,20250526,2025,5,May,2
2025-05-27,20250527,2025,5,May,2
2025-05-28,20250528,2025,5,May,2
2025-05-29,20250529,2025,5,May,2
2025-05-30,20250530,2025,5,May,2
2025-06-02,20250602,2025,6,June,2
2025-06-03,20250603,2025,6,June,2
2025-06-04,20250604,2025,6,June,2
2025-06-05,20250605,2025,6,June,2
2025-06-06,20250606,2025,6,June,2
2025-06-09,20250609,2025,6,June,2
2025-06-11,20250611,2025,6,June,2
2025-06-12,20250612,2025,6,June,2
2025-06-13,20250613,2025,6,June,2
2025-06-16,20250616,2025,6,June,2
2025-06-17,20250617,2025,6,June,2
2025-06-18,20250618,2025,6,June,2
2025-06-19,20250619,2025,6,June,2
2025-06-20,20250620,2025,6,June,2
2025-06-23,20250623,2025,6,June,2
2025-06-24,20250624,2025,6,June,2
2025-06-25,20250625,2025,6,June,2
2025-06-26,20250626,2025,6,June,2
2025-06-27,20250627,2025,6,June,2
2025-06-30,20250630,2025,6,June,2
2025-07-01,20250701,2025,7,July,3
2025-07-02,20250702,2025,7,July,3
2025-07-03,20250703,2025,7,July,3
2025-07-04,20250704,2025,7,July,3
2025-07-07,20250707,2025,7,July,3
2025-07-08,20250708,2025,7,July,3
2025-07-09,20250709,2025,7,July,3
2025-07-11,20250711,2025,7,July,3
2025-07-14,20250714,2025,7,July,3
2025-07-15,20250715,2025,7,July,3
2025-07-16,20250716,2025,7,July,3
2025-07-17,20250717,2025,7,July,3
2025-07-18,20250718,2025,7,July,3
2025-07-21,20250721,2025,7,July,3
2025-07-22,20250722,2025,7,July,3
2025-07-23,20250723,2025,7,July,3
2025-07-24,20250724,2025,7,July,3
2025-07-25,20250725,2025,7,July,3
2025-07-28,20250728,2025,7,July,3
2025-07-29,20250729,2025,7,July,3
2025-07-30,20250730,2025,7,July,3
2025-07-31,20250731,2025,7,July,3
2025-08-01,20250801,2025,8,August,3
2025-08-04,20250804,2025,8,August,3
2025-08-05,20250805,2025,8,August,3
2025-08-06,20250806,2025,8,August,3
2025-08-07,20250807,2025,8,August,3
2025-08-11,20250811,2025,8,August,3
2025-08-12,20250812,2025,8,August,3
2025-08-13,20250813,2025,8,August,3
2025-08-14,20250814,2025,8,August,3
2025-08-15,20250815,2025,8,August,3
2025-08-18,20250818,2025,8,August,3
2025-08-19,20250819,2025,8,August,3
2025-08-20,20250820,2025,8,August,3
2025-08-21,20250821,2025,8,August,3
2025-08-22,20250822,2025,8,August,3
2025-08-25,20250825,2025,8,August,3
2025-08-26,20250826,2025,8,August,3
2025-08-27,20250827,2025,8,August,3
2025-08-28,20250828,2025,8,August,3
2025-08-29,20250829,2025,8,August,3
2025-09-01,20250901,2025,9,September,3
2025-09-02,20250902,2025,9,September,3
2025-09-03,20250903,2025,9,September,3
2025-09-04,20250904,2025,9,September,3
2025-09-08,20250908,2025,9,September,3
2025-09-09,20250909,2025,9,September,3
2025-09-10,20250910,2025,9,September,3
2025-09-11,20250911,2025,9,September,3
2025-09-12,20250912,2025,9,September,3
2025-09-15,20250915,2025,9,September,3
2025-09-16,20250916,2025,9,September,3
2025-09-17,20250917,2025,9,September,3
2025-09-18,20250918,2025,9,September,3
2025-09-19,20250919,2025,9,September,3
2025-09-22,20250922,2025,9,September,3
2025-09-23,20250923,2025,9,September,3
2025-09-26,20250926,2025,9,September,3
2025-09-29,20250929,2025,9,September,3
2025-09-30,20250930,2025,9,September,3
2025-10-01,20251001,2025,10,October,4
2025-10-02,20251002,2025,10,October,4
2025-10-03,20251003,2025,10,October,4
2025-10-07,20251007,2025,10,October,4
2025-10-08,20251008,2025,10,October,4
2025-10-09,20251009,2025,10,October,4
2025-10-10,20251010,2025,10,October,4
2025-10-13,20251013,2025,10,October,4
2025-10-14,20251014,2025,10,October,4
2025-10-15,20251015,2025,10,October,4
2025-10-16,20251016,2025,10,October,4
2025-10-17,20251017,2025,10,October,4
2025-10-21,20251021,2025,10,October,4
2025-10-22,20251022,2025,10,October,4
2025-10-23,20251023,2025,10,October,4
2025-10-24,20251024,2025,10,October,4
2025-10-27,20251027,2025,10,October,4
2025-10-28,20251028,2025,10,October,4
2025-10-29,20251029,2025,10,October,4
2025-10-30,20251030,2025,10,October,4
2025-10-31,20251031,2025,10,October,4
2025-11-03,20251103,2025,11,November,4
2025-11-04,20251104,2025,11,November,4
2025-11-06,20251106,2025,11,November,4
2025-11-07,20251107,2025,11,November,4
2025-11-10,20251110,2025,11,November,4
2025-11-11,20251111,2025,11,November,4
2025-11-12,20251112,2025,11,November,4
2025-11-13,20251113,2025,11,November,4
2025-11-14,20251114,2025,11,November,4
2025-11-17,20251117,2025,11,November,4
2025-11-18,20251118,2025,11,November,4
2025-11-19,20251119,2025,11,November,4
2025-11-20,20251120,2025,11,November,4
2025-11-21,20251121,2025,11,November,4
2025-11-24,20251124,2025,11,November,4
2025-11-25,20251125,2025,11,November,4
2025-11-26,20251126,2025,11,November,4
2025-11-27,20251127,2025,11,November,4
2025-12-01,20251201,2025,12,December,4
2025-12-02,20251202,2025,12,December,4
2025-12-03,20251203,2025,12,December,4
2025-12-05,20251205,2025,12,December,4
2025-12-08,20251208,2025,12,December,4
2025-12-09,20251209,2025,12,December,4
2025-12-10,20251210,2025,12,December,4
2025-12-11,20251211,2025,12,December,4
2025-12-12,20251212,2025,12,December,4
2025-12-15,20251215,2025,12,December,4
2025-12-16,20251216,2025,12,December,4
2025-12-17,20251217,2025,12,December,4
2025-12-18,20251218,2025,12,December,4
2025-12-19,20251219,2025,12,December,4
2025-12-22,20251222,2025,12,December,4
2025-12-23,20251223,2025,12,December,4
2025-12-24,20251224,2025,12,December,4
2025-12-26,20251226,2025,12,December,4
2025-12-29,20251229,2025,12,December,4
2025-12-30,20251230,2025,12,December,4
2025-12-31,20251231,2025,12,December,4
2026-01-01,20260101,2026,1,January,1
2026-01-02,20260102,2026,1,January,1
2026-01-05,20260105,2026,1,January,1
2026-01-06,20260106,2026,1,January,1
2026-01-07,20260107,2026,1,January,1
2026-01-08,20260108,2026,1,January,1
2026-01-09,20260109,2026,1,January,1
2026-01-12,20260112,2026,1,January,1
2026-01-13,20260113,2026,1,January,1
2026-01-14,20260114,2026,1,January,1
2026-01-16,20260116,2026,1,January,1
2026-01-19,20260119,2026,1,January,1
2026-01-20,20260120,2026,1,January,1
2026-01-21,20260121,2026,1,January,1
2026-01-22,20260122,2026,1,January,1
2026-01-23,20260123,2026,1,January,1
2026-01-26,20260126,2026,1,January,1
2026-01-27,20260127,2026,1,January,1
2026-01-29,20260129,2026,1,January,1
2026-01-30,20260130,2026,1,January,1
2026-02-02,20260202,2026,2,February,1
2026-02-03,20260203,2026,2,February,1
2026-02-05,20260205,2026,2,February,1
2026-02-06,20260206,2026,2,February,1
2026-02-09,20260209,2026,2,February,1
2026-02-10,20260210,2026,2,February,1
2026-02-11,20260211,2026,2,February,1
2026-02-12,20260212,2026,2,February,1
2026-02-13,20260213,2026,2,February,1
2026-02-16,20260216,2026,2,February,1
2026-02-17,20260217,2026,2,February,1
2026-02-18,20260218,2026,2,February,1
2026-02-19,20260219,2026,2,February,1
2026-02-20,20260220,2026,2,February,1
2026-02-23,20260223,2026,2,February,1
2026-02-24,20260224,2026,2,February,1
2026-02-25,20260225,2026,2,February,1
2026-02-26,20260226,2026,2,February,1
2026-02-27,20260227,2026,2,February,1
2026-03-03,20260303,2026,3,March,1
2026-03-04,20260304,2026,3,March,1
2026-03-05,20260305,2026,3,March,1
2026-03-06,20260306,2026,3,March,1
2026-03-09,20260309,2026,3,March,1
2026-03-10,20260310,2026,3,March,1
2026-03-11,20260311,2026,3,March,1
2026-03-12,20260312,2026,3,March,1
2026-03-13,20260313,2026,3,March,1
2026-03-16,20260316,2026,3,March,1
2026-03-17,20260317,2026,3,March,1
2026-03-18,20260318,2026,3,March,1
2026-03-19,20260319,2026,3,March,1
2026-03-20,20260320,2026,3,March,1
2026-03-23,20260323,2026,3,March,1
2026-03-24,20260324,2026,3,March,1
2026-03-25,20260325,2026,3,March,1
2026-03-26,20260326,2026,3,March,1
2026-03-27,20260327,2026,3,March,1
2026-03-30,20260330,2026,3,March,1
2026-03-31,20260331,2026,3,March,1
2026-04-02,20260402,2026,4,April,2
2026-04-06,20260406,2026,4,April,2
2026-04-07,20260407,2026,4,April,2
2026-04-08,20260408,2026,4,April,2
2026-04-09,20260409,2026,4,April,2
2026-04-10,20260410,2026,4,April,2
2026-04-20,20260420,2026,4,April,2
2026-04-21,20260421,2026,4,April,2
2026-04-22,20260422,2026,4,April,2
2026-04-23,20260423,2026,4,April,2
2026-04-24,20260424,2026,4,April,2
2026-04-27,20260427,2026,4,April,2
2026-04-28,20260428,2026,4,April,2
2026-04-29,20260429,2026,4,April,2
2026-04-30,20260430,2026,4,April,2
2026-05-04,20260504,2026,5,May,2
2026-05-05,20260505,2026,5,May,2
2026-05-06,20260506,2026,5,May,2
2026-05-07,20260507,2026,5,May,2
2026-05-08,20260508,2026,5,May,2
2026-05-11,20260511,2026,5,May,2
2026-05-12,20260512,2026,5,May,2
2026-05-13,20260513,2026,5,May,2
2026-05-14,20260514,2026,5,May,2
2026-05-15,20260515,2026,5,May,2
2026-05-18,20260518,2026,5,May,2
2026-05-19,20260519,2026,5,May,2
2026-05-20,20260520,2026,5,May,2
2026-05-21,20260521,2026,5,May,2
2026-05-25,20260525,2026,5,May,2
2026-05-26,20260526,2026,5,May,2
2026-05-27,20260527,2026,5,May,2
2026-05-29,20260529,2026,5,May,2
2026-06-01,20260601,2026,6,June,2
